1,"Wohnbau GmbH","Philosophenring 2",Bonn,53177,0228-320-0,0228-327-179,info@wohnbau-gmbh.de
26,"Amrop Delta - Delta Management Consultants GmbH","Oststraße 54-56",Düsseldorf,40211,0211-179249-0,0211-179249-10,duesseldorf@amrop.de
3,"Watermann GmbH & Co. KG ","Kieferstraße 42 ","Dortmund ",44225,0231-77591-0,0234-77591-33,"info@watermann-gmbh.de "
4,"Siemens AG","Mellinghofer Straße 55","Mülheim an der Ruhr",45473,0208-456-0,,
5,"HOCHTIEF Solutions AG ","Alfredstraße 236  ",Essen,"45133 ","0201-824-8339  ",,"kirstin.forst@hochtief.de "
6,"Fuji Photo Film ","Heesenstraße 31 ","Düsseldorf ","40549 ","0211 5089254 ",,
7,"COHAUSZ & FLORACK Patent- und Rechtsanwälte ","Bleichstraße 14 ",Düsseldorf,40211,"0211-90 490-0 ",,"d.fleischer@cohausz-florack.de "
8,"BITMARCK HOLDING GmbH ","Brunnenstraße 15-17 ","Essen ","45128 ","0201 89069 000  ","0201 89069 199","info@bitmarck.de "
9,"NATIONAL BANK AG ","Rüttenscheider Straße 125 ","Essen ","45130 ","0201-81150 ",,"maike.roeseler@national-bank.de "
10,"Signal Iduna ","Joseph-Scherer Str. 3 ","Dortmund ",44139,"0231 13500 ",,
18,expositio,"Lothringer Str. 38",Bochum,44805,"0234 4387314",,hello@expositio.de
21,"MICROSENS GmbH & Co. KG","Küferstraße 16",Hamm,59067,02381-9452-0,02381-9452-100,info@microsens.de
2,"ILME GmbH","Max-Planck-Str. 12",Wiehl,51674,"02261-7955-0 ",02261-7955-9,technik@ilme.de
23,"3M Deutschland GmbH","Carl-Schurz-Straße 1",Neuss,41453,02131-14-0,"02131-14-2649 ",innovation.de@3m.com
22,"Gelsenkirchener Werkstätten für angepasste Arbeit gGmbH","Braukämperstraße 100",Gelsenkirchen,45899,0209-95896-0,0209-95896-88,
25,"neGxt ITK GmbH","Schmiedstraße 10e",Germering,82110,089-12287-290,089-12287-997,j.poth@negxt-itk.de
24,"RAG Mining Solutions GmbH","Shamrockring 1",Herne,44623,02323-15-5300,02323-15-5303,info@ragms.com
12,"RAG Aktiengesellschaft","Shamrockring 1",Herne,44623,02323-15-0,02323-15-2020,post@rag.de
15,"Siemens Audiologische Technik GmbH","Henri-Dunant-Straße 100",Erlangen,91058,09131-3080,,
31,"ABC Verbindungstechnik ","Kölner Straße 64",Gevelsberg,58285,"02333 7990",,
32,"ABP Induction Systems","Kanalstrasse 25",Dortmund,44147,"0231 9970",,
33,"Absolut Metallbau","Bünnerhelfstrasse 28",Dortmund,44379,"0231 9651060",,
34,"ABW Elsebrock Ambulant Betreutes Wohnen im Rheinland","Bosmannshof 3",Wesel,46485,0177-3612049,0281-2065596,elsebrock(@)abw-elsebrock.de
35,"Arcado Group","Europaplatz 9",Dortmund,44269,,,
36,"Accenture GmbH","Kaistraße 20",Düsseldorf,40221,"0211 912030","0211 912031",Accenture.direct.ela@accenture.com
37,"HOPPECKE Batterien ","Bontkirchener Straße 1",Brilon,59929,"02963 610",,
38,"Achenbach Buschhütten ",Siegenerstr.152,Kreuztal,57223,"02732 7990",,
45,"Adept Technology GmbH","Höfkerstraße 22a",Dortmund,44149,"0231 75894 0","0231 75894 50",info.de@adept.com
46,Adesso,"Stockholmer Allee 24",Dortmund,44269,0231-930-9330,,
49,"RWE Power AG","Huyssenallee 2",Essen,45128,"0201-12-01 ",0201-12-24313,
50,"TGR GmbH","Viktoriastraße 10",Bochum,44787,0234-588065-0,,info@egr-bochum.de
52,"Medtronic GmbH","Earl-Bakken-Platz 1",Meerbusch,40670,02159-8149-0,02159-8149-100,webmaster.deutschland@medtronic.com
54,"Thalia Holding GmbH","Kabeler Straße 4",Hagen,58099,,,
55,"GBTEC Software + Consulting AG","Universitätsstraße 142",Bochum,44799,0234-97645-100,0234-97645-101,info@gbtec.de
57,"Nagels Druck GmbH","Am Selder 21",Kempen,47906,02152-2099-0,02152-2099-42,
58,"Materna GmbH","Voßkuhle 37",Dortmund,44141,0231-5599-00,0231-5599-100,marketing@materna.de
59,Agri-Capital,"Hafenweg 15",Münster,48155,0251-27601-100,,
60,"Air Liquide Deutschland","Hans-Günther-Sohl-Straße 5",Düsseldorf,40235,0211-66990,,
61,"Air Products","Rensingstr. 7",Bochum,44801,"0234 610560",,gersmac@airproducts.com
62,"Alpmann Fröhlich Rechtsanwaltsgesellschaft","Verspoel 12",Münster,48143,"0251 4 17 01-0",,
63,"ALSO Deutschland GmbH","Lange Wende 43 ",Soest,59494,"02921 99 0","02921 99 3399",info@also.com
64,"Alte Oldenburer Krankenversicherung VVaG","Theodor Heuss Str. 96",Vechta,49377,04441-905138,,
65,"Anlagenbau Stampfer","Leichtmetallstr. 26 – 30",Haan,42781,"02104 69190",,
66,"Anton Uhlenbrock ","Siemensstr. 41",Steinfurt,48565,"02552 93330",,r.hundeler@uhlenbrock.ort
67,"APT Advanced Polymer Tubing ","Jagenbergstr. 7",Neuss,41468,"02131 71 89980",,hildegard.pesch@aptubing.de
68,"Architekturbüro Bieber","Hagener Str. 31",Dortmund,44225,"0231 79227720",,
69,"Arthro Care","Berghauser Straße 62",Remscheid,42859,"02191 933420",,
70,"DEVK Versicherungen","Friedrich-Engels-Allee 20",Wuppertal,42103,,,
71,"Stadtverwaltung Langenfeld","Konrad-Adenauer-Platz 1",Langenfeld,40764,02173-7941800,,
72,"ASDO Anker Schröder","Hannöversche Straße 48",Dortmund,44143,"0231 5 17 01-30",,"post@anker.de "
73,"Asia-Pacific Management Consulting","Königsallee 28",Düsseldorf,40212,"0211-82 89 42 0",,APMC@asia-pacific.de
74,"Atelco Computer","Dieselweg 6",Möhnesee,59519,"0)2924 / 99-00 ",,webmaster@atelco.de
75,"Atos Origin ","Luxemburger Straße 3",Essen,45133,0201-43059095,,
76,Audalis,"Rheinlanddamm 199",Dortmund,44139,0231.2255-500,,dortmund@audalis.de
79,"Avantgarde Business Solutions GmbH","Habichtweg 21",Neuss,41468,02131-7949-0,02131-7949-79," office@avantgar.de"
80,AVU,"An der Drehbank 18",Gevelsberg,58285,02332/73-0,02332/73-600," info@avu.de"
81,Axians," Emil-Figge-Straße 86",Dortmund,44227,"0231 72592 0",,
82,"Bach, Langheid & Dallmayr","Theodor-Heuss-Ring 13-15",Köln,50668,"0221 944027-0",,
83,"Oerlikon Barmag-Saurer ","Leverkuser Straße 65",Remscheid,42897,"02191 67-0",,info.barmag@oerlikon.com
84,"Barmenia Krankenversicherung auf Gegenseitigkeit","Barmenia-Allee 1",Wuppertal,42119," 0202 438-00",,"info@barmenia.de "
85,"BBM Akustik","Alexanderstraße 50",Mülheim,45472,(0)208-62524-0,,info.muelheim@bbm-akustik.de
86,"BBORS Kreuznacht Rechtsanwälte","Sperlichstraße 10",Münster,48151,"0251 20803  0",,rechtsanwaelte@bbors-kreuznacht.de
87,"Bechtle GmbH & Co. KG IT-Systemhaus Duisburg","Düsseldorfer Landstr. 17",Duisburg,47249,"0203 - 998080","0203 99808-96",info@bechtle.com
88,"Becker Büttner Held Rechtsanwälte","KAP am Südkai Agrippinawerft 30 "," Köln",50678,"0221 650 25-0",,bbh@bbh-online.de
89,"Beckmann – Volmer ","Holsterfeld 24",Salzbergen,"48499 ","0 59 71 / 80 04-0",,"info@beckmann-volmer.de "
90,"Belfor Dehade ","Wittekindstrasse 99 ",Hamm,59075,"(0)2381-973100 ",,dehade@de.belfor.com
91,"BELFOR Europe","Keniastraße 24",Duisburg,47269,,,
93,"B. Braun Melsungen AG","Carl-Braun-Straße 1",Melsungen,"34212 ","05661 71- 0","05661 71- 45 67",info@bbraun.de
94,"Ball Packing Holding GmbH & Co KG","Kaiserswerther Str. 115",Ratingen,40880,"02102 130 0","02102 130 130",webmaster.europe@ball.com
95,"BDP International GmbH","Fritz Klatte Str. 6-8",Frankfurt,65933,"069 - 3510 140","069 - 3510 14 495",fra@bdpint.de
96,"BITMARCK Vertriebs- und Projekt GmbH","Brunnenstr. 15-17",Essen,45128,"0201 / 365690",,
97,"Bogestra AG","Universitätsstraße 58",Bochum,44789,"0234 303 0","0234 303 23 00 ",info@bogestra.de
98,"BP Europa SE","Wittener Str. 45",Bochum,44789,"0234 - 315 0","0234 - 315 2679",
99,"CaveCo GmbH","Heinrich-Held-Str. 37",Essen,45133,"0201 - 84 201 30","0201 - 84 201 930",info@caveco.de
100,"Codecentric AG","Kölner Landstr. 1",Düsseldorf,40591,"0211 - 99414-0","0211 - 99414-44","info@codecentric.de "
101,"Comvendo GmbH","Centroallee 283",Oberhausen,46047,"0208 - 94 00-0","0208 - 94 00-200"," info@comvendo.de"
102,"Concentrade GmbH","Martin-Schmeißer-Weg 18",Dortmund,44227,"0231 - 5336-0","0231 - 5336-200",info@concentrade.com
48,"Schenker AG","Alfredstr. 61",Essen,45130," 0201 - 8781-0 ","0201 - 8781-8495",info@dbschenker.com
104,"DOKOM Gesellschaft für Telekommunikation mbH","Stockholmer Allee 24",Dortmund,44269,"0231 - 930-10 50","0231 - 930-10 54"," info@dokom21.de"
105,"Soziale Dienste Kreisverband Witten gGmbH","Annenstr. 9",Witten,58453,"02302 - 91016-0","02302 - 91016-16",info@drk-witten.de
106,"DS Smith Rhein Display GmbH","An der Gümpgenbrücke 13",Kaarst,41564,"021 31 - 795 80 0","021 31 - 66 75 65",contact.kaarst@dssmith.eu
107,"DSW 21 - Dortmunder Stadtwerke AG","Deggingstraße 40",Dortmund,44141,"0231 - 9 55-00",,posteingang@dsw21.de
108,"Europäisches Bildungszentrum der Wohnungs- und Immobilienwirtschaft (EBZ)- gemeinnützige Stiftung","Springorumallee 20",Bochum,44795,"0234 - 9447 0 ","0234 - 9447 199"," info@e-b-z.de "
109,"E.ON Climate & Renewables GmbH","Brüsseler Platz 1",Essen,45131,"0201 - 18400",,info@eon.com
110,"ETABO Energietechnik und Anlagenservice GmbH","Harpener Feld 16",Bochum,44805,"0234 - 5067-0","0234 - 5067-173",kontakt@eta-bochum.de
113,"Fressnapf Holding GmbH","Westpreußenstr. 32 - 38",Krefeld,47809,"0800 - 1990 990",,info@fressnapf.de
114,"Landesverband Gartenbau Rheinland e.V.","Amsterdamer Str. 206",Köln,"50735 ","0221 - 7151 00","0221 - 7151 031",info@gartenbau-rheinland.de
116,"Hospitaltechnik Planungsgesellschaft mbH","Hohenzollernstr. 11 ",Krefeld,47799," 02151 - 9597 0 ","02151 - 9597 10 ",info@ht-hospitaltechnik.de
117,"ICOM Software Research oHG","Martin-Schmeißer-Weg 11",Dortmund,44227,"02 31 / 55 69 91-0","02 31 / 55 69 91-13 ",Info@ICOMSoftware.de
118,"Impuls Personal GmbH Niederlassung Köln","Marzellenstraße 1",Köln,50667,"0221 - 27 26 1-6",,Info@Impuls-Personal.de
119,"KIK Textilien und Non Food GmbH","Siemensstraße 21",Bönen,59199,"02383 / 95-40","02383 / 95-4130",info@kik-textilien.de
120,BEMA,"Wiebelsheidestraße 20",Arnsberg,59757,02932-973841,,info@bema-gmbh.com
121,"Bender & Bender","Bahnhofstr. 126",Altenkirchen,57610,02681-9826260,,
122,"Benteler Distribution Deutschland GmbH & Co. KG","Am Schlütershof 30 ",Duisburg,47059,"0203 99 34 - 0 ",,distribution.duisburg@benteler.com
123,Betafence,"Runtestr. 4-9",Werl,59457,"02922 989 145",,
124,"ALYSS Software GmbH","Revierstraße 10",Dortmund,44379,"(0231) –  72 54 94 -0 ","(0231) 72 54 94 14"," info@alyss.de "
125,"antilo / Marke der net-and-phone GmbH","An der Palmweide 55",Dortmund,44225,"0231 177205 0 I10",,info@antilo.de
126,"Bilfinger Berger Hochbau GmbH","Schnabelstraße 11",Essen,45134,0201-1707311,,info@hochbau.bilfinger.com
128,"bee Baastrup EDV-Entwicklung GmbH","Schwanenwall 40",Dortmund,44135,"(0231) 58719 - 0","(0231) 58719 - 50",info@bee.de
129,"Bilfinger Gerber GmbH","Revierstr. 3",Dortmund,44379,"(0) 231 9952 0",,info.gerber@bilfinger.com
130,"Bird & Bird LLP","Carl-Theodor-Straße 6",Düsseldorf,40213,"0211 2005 6000","0211 2005 6011",duesseldorf@twobirds.com
131,"Borm Informatik GmbH","Wellinghofer Amtsstrasse 31",Dortmund,44265,"0231 56 784 60","0231 56 784 610",
133,"Döllken-Kunststoffverarbeitung GmbH ","Beisenstr. 50",Gladbeck,45964,02043/979-0,02043/979-630,info@doellken.com
134,"Kloepfel Consulting GmbH","Pempelforter Straße 50",Düsseldorf,40211,"0211 / 882 594 0","0211 / 882 594 20",info@kloepfel-consulting.com
135,"Küppersbusch Großküchentechnik  GmbH & Co. KG ","Küppersbuschstrasse 2",Gelsenkirchen,45883,"0209 / 401-0","0209 / 401 539 "," juergen.schnoerch@kueppersbusch.de"
136,"Masterflex SE","Willy-Brandt-Allee 300",Gelsenkirchen,45891,"49 (0)209 - 97077-0",,info@masterflex.de
137,"maximago GmbH","Am Brambusch 24",Lünen,44536,"(0) 231 58 69 67-0","(0) 231 58 69 67-90"," info@maximago.de"
138,"O-I GLASSPACK GmbH & Co. KG ","Goethestrasse 75",Düsseldorf,40237,"(0) 211 2809 - 0",,
139,"Porta IT-Service GmbH & Co. KG","Bakenweg 16 – 20","Porta Westfalica",32457,"01805 – 686766",,
140,"Posiflex GmbH","Kaiserswerther Str. 85",Ratingen,40878,"49 (0) 2102 / 71465 - 0","49 (0) 2102 / 71465 - 22",info@posiflex.de
141,"PPG Coatings Deutschland GmbH ","An der Halde 1",Bochum,44805," +49 234 - 869-0","+49 234 - 869-358"," info@sigmacoatings.de"
142,"CSG Pradtke GmbH","Kirchharpener Straße 46",Bochum,44805,0234-45984-0,0234-45984-66," info@csg-pradtke.de"
143,"proLogistik GmbH + Co KG ",www.proLogistik.com,Dortmund,44369,"49 (0) 231 5194-0","49 (0) 231 5194-94 ",info@proLogistik.com
144,"PRIMAGAS Energie GmbH & Co. KG","Luisenstraße 113",Krefeld,47799,"02151 / 852-0","02151 / 852-270",info@primagas.de
145,"PROvendis GmbH ","Schloßstraße 11-15","Mülheim an der Ruhr",45468,"(0)208 / 94105-0","49 (0)208 / 94105-50",kontakt@provendis.info
146,"RAG Aktiengesellschaft","Shamrockring 1",Herne,44263,"(02323) 15-0","(02323) 15-2020",post@rag.de
147,"REIMANN OSTERRIETH KÖHLER HAFT Partnerschaftsgesellschaft","Steinstraße 20",Düsseldorf,40212,"49 (0)211 550 220 ","49 (0)211 550 22 550","contact@rokh-ip.com "
148,"TNT Innight GmbH & Co. KG","Besselstraße 12",Mannheim,"68219 ","+49 621 8 77 87-0",,info@tntinnight.de
149,"Vaillant Deutschland GmbH & Co. KG","Berghauser Str. 40 ",Remscheid,42859,"02191 18-0 ","02191 18-2810","info@vaillant.de "
150,"VISUS Technology Transfer GmbH ","Universitätsstr. 136 ",Bochum,44799,"49 234 93693-0 ","49 234 93693-199 ","  info@visus.com "
151,"Hasenkamp GmbH","Verkehrsstraße 49",Bochum,44809,"0234 53 10 50","0234 53 80 27",info@hasenkamp-bochum.de
152,"ASB Informationstechnik GmbH","Buschstr. 76",Duisburg-Hamborn,"47166 ","0203 93297-0","0203 314289",asbinfo@asbinfo.de
153,"HOCHTIEF Aktiengesellschaft ","Opernplatz 2",Essen,45128,"0201 824-0 ","0201 824-2777 ",info@hochtief.de
154,"Fenne Baugesellschaft mbH","Bogenstraße 28-30",Gladbeck,45966," 0 20 43 / 40 04-0","0 20 43 / 40 04-30",info@fenne-bau.de
155,"purpleview GmbH","Lindemannstraße 78",Dortmund,44137,"49 231 55 74 02 0","49 231 55 74 02 99",info@purpleview.de
156,"Zenker Zahntechnik GmbH","Löwenstraße 31a",Dortmund,44135,"(0231) 572265",,zenkerzahntechnik@web.de
157,"Carl Hinnerwisch Verlag GmbH & Co. KG","Handwerkerstr. 3",Hagen-Haspe,58135,"02331 - 9080-00","02331 - 9080-10",info@hinnerwisch.de
158," E.ON Anlagenservice GmbH","Bergmannsglückstr. 41-43",Gelsenkirchen,45896,"0209 6015289",,info@eon.com
159,"Westfalen-Informatik AG","Emil-Figge Straße 86-90",Dortmund,44227," 02 31 / 77 70 - 0","02 31 / 77 70 - 133",info@wi-ag.de
160,"vision4health Deutschland GmbH & Co. KG","Schlaraffiastr. 1",Bochum,44867,"49 2327 944 600","+49 2327 944 699",
161,"unique Technische Dokumentation + Kommunikation GmbH ","Krefelder Str. 85 ",Düsseldorf,40549,"0211-50 65 37 0","0211- 50 65 37 -30",info@unique.de
162," Zalando GmbH ","Sonnenburger Str. 73",Berlin,10437,,"+49 (0)30 2759 46 93",service@zalando.de
163,"ZWILLING J.A. Henckels AG","Grünewalder Strasse 14-22","Solingen ",42657,"+ 49 (0) 212 -0","+ 49 (0) 212 - 88 2 300",info@zwilling.com
164,innovas,"Alsterstrasse 2",Hamburg,20354,"040 37 86 26 - 7000","040 37 86 26 - 7222",info@innovas.de
165,"Sandvik Materials Technology Deutschland GmbH","Heerdter Landstraße 243",Düsseldorf,40549,"0211 502 74 04","0211 502 7291",
166,"Amprion GmbH ","Rheinlanddamm 24",Dortmund,44139,0231/5849-0,0231/5849-14188,
167,"Dortmunder Energie- und Wasserversorgung GmbH","Ostwall 51",Dortmund,44135,"49 231.544-0","49 231.544-1130",info@dew21.de
168,"Arla Foods GmbH","Wahler Str. 2",Düsseldorf,40472,0211/47231-0,0211/47231-66,info.de@arlafoods.com
169,"REWE DORTMUND Großhandel eG","Asselner Hellweg 1-3 ",Dortmund,44309,"0231/25 00 0","0231/25 00 177",info@rewe-dortmund.de
170,"Überörtliche Gemeinschaftspraxis für Radiologie und Nuklearmedizin Schwerte-Unna-Witten-Hagen-Kamen-Werne","Holbeinstr. 10a",Unna,59423,"0 23 03 / 33 22 33","02303 / 33 22 30",info@radiologie-ukw.de
171,"Aareon Wodis GmbH","Rheinlanddamm 199",Dortmund,44139,"49 231 7751-0",,
172,"ILT Industrie-Luftfiltertechnik GmbH","Sonnenhang 40",Ruppichteroth,53809,"49 (0) 2295/921-0","+49 (0) 2295/6620"," info@ilt.eu "
173,"Bitech AG","An der Schusterinsel 15",Leverkusen,51379," 02171/7230 0",,info@lev.bitech.de
174,"BIXOLON Europe GmbH","Tiefenbroicher Weg 35",Düsseldorf,40472,"0211 - 68 78 54 0 ","0211 - 68 78 54 20  ","info@bixolon.de "
175,"Bofrost* Dienstleistungs GmbH & Co. KG ","An der Oelmühle 6",Straelen,47638,02834-707-0,,service@bofrost.de
176,"Bornheim und Partner","Königsallee 63 / 65",Düsseldorf,40215,"0211.43 69 87-0",,duesseldorf@bornheim.com
177,"BRAND KG","Vollinghauser Strasse 44 ",Anröchte,59609,"(2947) 889-0",,kontakt@brand-group.com
178,"Spenner Zement GmbH & Co. KG","Hüchtchenweg 2",Erwitte,59597,"+49 2943 986-0","+49 2943 986-222",info@spenner-zement.de
180,"BEB Stahlhandel GmbH & Co. KG","Josef-Baumann-Str. 29a",Bochum,44805,"0234 - 89 11 30","0234 - 86 00 22"," info@beb-stahl.de"
181,"Engel & Völkers Commercial GmbH","Stadthausbrücke 5",Hamburg,20355,"49 40 36131-0","49 40 36131-265",info@engelvoelkers.com
182,"x-doc-solution GmbH ","Igepa-Ring 1",Leipzig,04356,"034602 / 61-680","034602 / 61-6892"," info@x-doc-solution.de"
183,"Ceva Tiergesundheit GmbH","Kanzlerstr. 4",Düsseldorf,40472,"0211 - 96 597 15",,"cevadeutschland@ceva.com "
184,"KAD Kongress Agentur GmbH & Co. KG","Hirnbeinstraße 8",Kempten,87435,"0831 / 575326 - 0","0831 / 575326 - 20"," info@kongressagentur.net "
185,"Rheinische Sparkassenakademie ","Kirchfeldstraße 60",Düsseldorf,40217,"0211 3892 01","0211 3892 240"," info@rsgv.de"
186,"Diginet GmbH & Co. KG ","Industriestr. 161",Köln,50999,"+49 2236 886-0","+49 2236 886-699"," office@pixum.com"
187,"cultural service GmbH & Co. KG","Arendahls Wiese Tor 3",Essen,45141,"+ 49 201 8301298","+ 49 201 8301292 ","post@cultural-service.de "
188,"TEBIT GmbH","Zum Schnüffel 6"," Meinerzhagen",58540,"0 23 54/92 95 - 0","0 23 54/92 95 - 95",info@tebit.de
189,"phi-Consulting GmbH","Lise-Meitner-Allee 2",Bochum,44801,"+49 234 438 97 0","+49 234 438 97 29"," info@phi-consulting.de"
190,"DGFP e.V.","Niederkasseler Lohweg 16",Düsseldorf,40457," (02 11) 59 78-0","(02 11) 59 78-14 9 ",info@dgfp.de
192,"Brenntag AG","Stinnes-Platz 1",Mülheim,45472,0208/7828-0,,
193,"Brilon Bondzio Weiser IgmbH","Universitätsstraße 142",Bochum,44799,"0234  971 93 64",,info@bbwgmbh.de
194,"Brüninghoff GmbH & Co. KG","Industriestraße 14",Heiden,46355,"(0) 2867 / 97 39-0 ",,marketing@brueninghoff.de
196,"K.A. Schmersal GmbH + Co. KG","Möddinghofe 30",Wuppertal,42279,"0202 / 6474-0","0202 / 6474-100",
197,"GEERS Hörakustik AG & Co. KG","Otto-Hahn-Straße 35",Dortmund,44227,"0231 / 9760 - 0 ","0231 / 9760 - 100","info@geers.de "
198,"VTA Verfahrenstechnik und Automatisierung GmbH","Johannastr. 2-8",Gelsenkirchen,45899,"(0209) 9515-0","(0209) 9515-106","info@vta.de "
199,"Ormazabal GmbH","Am Neuerhof, 31",Krefeld,47804,"02151 4541 0 ","02151 4541 499 ","vertrieb@ormazabal.de "
200,"Stiftung Mercator GmbH ","Huyssenallee 46",Essen,45128,"+49 201 24522-0","+49 201 24522-44",info@stiftung-mercator.de
201,"Präsenta Promotion International GmbH","Konrad-Adenauer-Str. 72 – 74 ",Solingen,42651,"+49 0212 – 2801 - 0","+49 0212 2801 - 28",info@praesenta.de
202,"Tetenal Europe GmbH","Schützenwall 31-35",Norderstedt,22844,"0049 (0) 40 ? 521 45 - 0","0049 (0) 40? 521 45 ? 296",germany@tetenal.com
203,"CHRIST Juweliere und Uhrmacher seit 1863 GmbH ","Kabeler Straße 4 ",Hagen,58099,,"0 23 31/69 0-83 75 ",info@christ.de
204,"Katharinenhof Hotelgesellschaft mbH & Co. KG","Bahnhofstraße 49",Unna,59423,"02303 920-0","02303 920-444",hotel-katharinenhof@riepe.com
205,"Altmann GmbH & Co. KG","Oeynhauser Straße 97",Löhne,32584,"057 32 / 68 79-0","057 32 / 1 69 19 ",info@altmann-pulverbechichtung.de
206,"Buchen UmweltService GmbH","Emdener Str. 278",Köln,50735,"0221 71 77 0","0221 71 77 110"," info@buchen.net"
207,"Stadtwerke Düsseldorf AG","Höherweg 100",Düsseldorf,40233,"(0211) 821 821","(0211) 821 3821",info@swd-ag.de
208,"Siegwerk Druckfarben AG & Co. KGaA ","Alfred-Keller-Str. 55",Siegburg,53721,02241-304-0,02241-304-777,
209,"Volksbank Gescher eG","Marktplatz 5 ",Gescher,48712,"02542 702-15 ","02542 702-29","stefan.kuckuck@vb-gescher.de "
210,"Hamon Enviroserv GmbH","Ruhrallee 185",Essen,45136,+49-201-24673-100,+49-201-24673-109,info.enviroserv@hamon.com
211,"IBG GmbH & Co. KG",Pferdmengesstr.1,Köln,50968,"0221 / 37 68 2-0 ","0221 / 37 68 2- 20 ",info@ibg-cologne.com
212,"Gerry Weber International AG","Neulehenstraße 8",Halle/Westfalen,"33790 ","05201 185-0","05201 10931",info@gerryweber.de
219,"IKEA Deutschland GmbH & Co. KG","Am Wandersmann 2 - 4",Hofheim-Wallau,65719,"061 92 / 93 99999","061 92 / 93 99998",kontakt.de@ikea.com
191,"Autobahn Tank und Rast GmbH","Andreas-Hermes-Str. 7-9",Bonn,53175,"0228 / 922-0","0228 / 922-4110","kundenkontakt@tank.rast.de "
220,"IKEA Deutschland Verkaufs-GmbH& Co.","061 92 / 93 99998",Hofheim-Wallau,"65719 ","061 92 / 93 99999","061 92 / 93 99998","061 92 / 93 99998"
221,"Werkstatt für Kundenorientierung Vogt & Nelsen GbR","Pivitsweg 7a",Bielefeld,33649,0521-4889371,,cv@wfk-online.de
223,"RWE IT GmbH","Huyssenallee 22-30",Essen,45128,"49 (0) 201/12-066","49 (0) 201/12-21389",
224,"Volksbank Lembeck-Rhade eG","Wulfener Str. 13 ",Dorsten-Lembeck,46286,"0 23 69 / 98 92 - 0","0 23 69 / 98 92 - 99","info@vblr.de "
225,"HOCHTIEF Solutions AG ","Opernplatz 2 ",Essen,45128,"0201 824-0 ","201 824-2777 ",info-solutions@hochtief.de
227,"Metallbautechnik Steffen GmbH","Heidsieker Heide 32",Bielefeld,"33739 ","(05206) 3007","(05206) 3080 / 8132",steffen@metallbau-steffen.de
228,"Sartorius Mechatronics T&H GmbH ","Meiendorfer Str. 205",Hamburg,22145,"(040) 67960-303","(040) 67960383","info@sartorius.com "
229,"EC Harris GmbH","Hammer Straße 17",Düsseldorf,40219,"0211 3112960",,
230,"ASSA ABLOY Sicherheitstechnik GmbH","Bildstockstraße 20",Albstadt,"72458 ","07431 123-0","07431 123-2 40",info@assaabloy.de
231,"Evangelisches Krankenhaus Mülheim a. d. Ruhr GmbH ","Wertgasse 30","Mülheim an der Ruhr","45468  ",0208/309-0,0208/309-2006,info@evkmh.de
232,"ERVIN GERMANY GmbH","Auf dem Bruch 11",Sprockhoevel,"45549 ","02324 9022244","02324 597788","info@ervin-germany.com "
233,"Westcon Group European Operations Ltd. - Deutschland"," Dahlener Straße 570"," Mönchengladbach",41239,"+49 (0) 2166 14464-0","+49 (0) 2166 14464-290",info@de.westcon.com
234,"KNAUF PERLITE GMBH","Kipperstr. 19",Dortmund,44147,"0231 99 80 01","0231 99 80 138","info@knauf-aquapanel.com "
235,"gerinnungszentrum rhein-ruhr Ambulanz und Fachlaboratorium für Gerinnungserkrankungen/Hämophilie Partnerschaftsgesellschaft: Dr.","Königstraße 13",Duisburg,47051,"+49 (0) 2 03/348 336 0","+49 (0) 2 03/348 336 36","ambulanz@gzrr.de "
237,"R+V Allgemeine Versicherung AG ","Raiffeisenplatz 1",Wiesbaden,65189,"0800 533-1112*","0611 533-4500"," ruv@ruv.de"
238,"LEGOLAND Discovery Centre Deutschland GmbH","Promenade 10",Oberhausen,46047,"01806 – 666 90 220 ",,Oberhausen@LEGOLANDDiscoveryCentre.de
239,"ARCADIA Hotel Schloss Goldschmieding Castrop-Rauxel","Dortmunder Str. 55",Castrop-Rauxel,44575,"(+49) 2305 301 0","(+49) 2305 301 45",info.goldschmieding(at)ahmm.de
240,"Deutsche Rückversicherung Aktiengesellschaft","Hansaallee 177"," Düsseldorf",40549,"0211 4554-01","0211 4554-199",info@deutscherueck.de
241,"Ebner Stolz Mönning Bachem GmbH & Co. KG Wirtschaftsprüfungsgesellschaft Steuerberatungsgesellschaft","Kronenstraße 30"," Stuttgart",70174,,,
242,"Ypsilon 3 GmbH","Broichhof Str. 9",Ratingen,40880,02102-933947-0,02102-93947-47,info@ypsilon3.com
245,"Enrichment Technology Company Ltd. ","Stetternicher Staatsforst ",Jülich,52428,"02461 65 - 0 ","02461 65 - 449 ",info@de.enritec.com
246,"Evonik Tego Chemie GmbH","Goldschmidtstraße 100 "," Essen",45127,"+49 201 173-06","+49 201 173-3000",info-tego@evonik.com
247,"Bird & Bird LLP","Carl-Theodor-Straße 6",Düsseldorf,"40213 ","0211 20056000",,
249,"dm-drogerie markt GmbH + Co. KG","Carl-Metz-Straße 1 ","Karlsruhe ","76185 ",,,
248,"IMA/ZLW & IfU - RWTH Aachen University ","Dennewartstraße 27",Aachen,52068," +49 241 80-911-00","+49 241 80-911-22 ",contact@ima-zlw-ifu.rwth-aachen.de
250,"CENTA Antriebe Kirschey GmbH","Bergische Straße 7",Haan,"42781 ",02129-9120,02129-2790,info@centa.de
251,"Robens Transporte GmbH u. Co. KG","Zur Oehlmuehle 14",Alfter,"53347 ","+49 (228) 9 86 44-0","+49 (228) 9 86 44-13"," info@robens-transporte.de"
254,"COSANNE INGENIEURE GmbH","Drubbel 7-9",Dorsten,"46286 ","02369 9 88 2-0","02369 9 88 2-10"," info@cosanne.de"
256,"EUROQUARZ GmbH","Südwall 15",Dortsten,46282,"02362 / 2005-0","02362 / 2005-99",post@euroquarz.de
257,"KVWL Kassenärztliche Vereinigung Westfalen-Lippe","Robert-Schimrigk-Str. 4-6",Dortmund,"44141 ","0231-94 32 0","0231-94 32 55 55",kvinfo@kvwl.de
258,"BSS Bohnenberg GmbH","Ahrstraße 1 - 7",Solingen-Ohligs,"42697 ","0212 / 23 56 0","0212 / 23 56-119",mail@bss-bohnenberg․de
264,"Ejot Holding GmbH & Co KG","Im Herrengarten1","Bad Berleburg",57319,02751-5290,,info@ejot.de
265,"Douglas Einkaufs- und Servicegesellschaft mbH & Co. KG ","Kabeler Straße 4",Hagen,58099,"0800 - 690 690 5","02331 - 690 71 78 ",service@douglas.de
266,"Movendo Consulting GmbH","Obere Straße 23",Holzminden,"37603 ",05531-9487200,05531-9487209,welcome@movendo.de
267,"LÄMMERZAHL GmbH","Am Uhlenhorst 1",Dortmund,44225,"0231 177 94 - 0","0231 177 94 - 50",info@laemmerzahl.de
268,"WISAG Produktionsservice GmbH","Geisental 12",Bochum,44805,"0234 545005-0","0234 545005-55",
269,"IMS Verbindungstechnik GmbH & Co. KG","Robert-Bosch-Str. 5",Neuenstein,74632,"07942/9131 0","07942/9131 52",
271,"Deutsche Stadtauskunft Marketing AG","Im Lipperfeld 22A - 24",Oberhausen,"46047 ","0208 / 97 07 0","0208 / 97 07 137","info@deutsche-stadtauskunft.ag "
270,"Office Diederick de Vroet Global Ocean Freight Schenker AG","Alfredstraße 81",Essen,"45130 ","+49-201-8781 0","+49-201-8781 8495",
272,"Mercure Hotel Severinshof Köln City Accor Hospitality Germany GmbH","Severinstasse 199",Köln,"50676 ","0221 / 2013 - 0","0221 / 2013 - 668",
273,"L’Oreal Deutschland GmbH","Georg-Glock-Straße 18",Düsseldorf,"40474 ","0211 43 78 01","0211 43 78 266",abteilungkommunikation@loreal.de
275,"Commerzbank AG",Kaiserplatz,"Frankfurt / Main","60311 ","069 136-20","069 285-389",info@commerzbank.com
279,"tel...roth telecom gmbh","In den Weiden 9 ",Hilden,40721,"02103 4999 0","02103 4999 50",info@tel-roth.de
277,"Cirkel GmbH & Co. KG","Flaesheimer Str. 605","Haltern am See",45721,"02364 9381 0","02364 9381 62",woe@circle.de
274,PRESTIGEPEOPLE,"Auf'm Kirchenland 20",Essen,45307,"0201 85837102","0201 612044 93"," messe@prestigepeople.de"
280,"Ingenieurbüro Heiming","Belfortstraße 15",Köln,50668,"0221 16797 0","0221 19797 20",office@ibh-koeln.de
281,"Bosch Sicherheitssysteme GmbH","Postfach 11 11",Grasbrunn,85626,"06290 1059",,info.service@de.bosch.com
282,"RENNER GmbH Kompressoren","Emil-Weber-Straße 32"," Güglingen",74363,"071 35 / 93 193 - 0","071 35 / 93 193 - 50"," info@renner-kompressoren.de"
283,"Amazon Fulfillment Germany GmbH","Amazonstraße 1",Rheinberg,47495,"02843 90 70123",,
284,"Legrand GmbH","Am Silberg 14",Soest,59494,"02921 104 0","02921 104 202",info.service@legrand.de
285,"SMF KG","Paul-Henri-Spaak-Str. 5",Dortmund,44263,"0231 9644 0","0231 9644 100",info@smf.de
286,"Tuchfabrik Willy Schmitz GmbH & Co. KG","Sachsenstr. 30 ",Mönchengladbach,41063,"02161 2458 0","02161 207633",
287,"Einbauküchen Menger GmbH","Witteringstraße 92",Essen,45130,"0201 1054808",,info@kuechen-menger.de
288,"DICOM Deutschland GmbH","Musikweg 4",Oberhausen,46047,"0208 88045700","0208 8804-5705","sales.de@dicom.com "
289,"Wohnungsbaugesellschaft Velbert mbH","Rheinlandstraße 15-19",Velbert,42551,"02051 277 0","02051 277148","info@wobau-velbert.de "
290,"ComTel Systemhaus GmbH & Co. KG","Albert- Schweitzer- Strasse 4 |",Philippsburg,76661,"07256 923097 0","07256 923097 951",
291,"IG BCE","Alte Hattinger Str.19",Bochum,44789,"0234 319 0","0234 319 137",
292,"EUROGLAS GmbH ","Dammühlenweg 60  ",Haldensleben,39340,"03904 638 0","03904 638 1100",haldensleben@euroglas.com
293,"H & V Energietechnik GmbH & CoKG","Wilhelm-Raiffeisen-Str. 2a",Nordkirchen,59349,"0 25 96 / 44 77","0 25 96 / 44 86",info@hv-energietechnik.de
294,"MesserSoft Messer Bracht Software GmbH","Freie-Vogel-Straße 391",Dortmund,44269,"0231 53469 0","0231 53469 199",
295,"ImPuls AG","Dießemer Str. 163",Krefeld,"47799 ","02151 8533","02151 853401",
297,"COSANNE INGENIEURE GmbH","Drubbel 7-9",Dorsten-Lembeck,"46286 ",02369/9882-0,02369/9882-10,info@cosanne.de
298,"Provinzial Rheinland","Rudolf-Virchow-Str. 11",Koblenz,"56073 ","0261-4043 0","0261-4043 403",info@provinzial.com
299,"St. Vinzenz Hospital Dinslaken","Dr.-Otto-Seidel-Straße 31-33",Dinslaken,46535,"02064 44- 0","02064 44- 1904",info@st-vinzenz-hospital.de
300,"ISL GmbH","Bergstr. 128",Hagen,58095,02331/34956-0,02331/34956-29," info@isl.de"
301,"Accenture Technology Solutions GmbH","Campus Kronberg 1","Kronberg im Taunus","61476 ","0234 315 0",,Accenture.direct.ela@accenture.com
302,"RWE Kundenservice GmbH","Wielandstraße 82",Bochum,"44791 ","0234 515 0",,
303,"Weidmüller Interface  GmbH & Co. KG","Klingenbergstr. 16",Detmold,"32758 "," 05231 14-0"," 05231 14-2083",info@weidmueller.de
307,"Knipp  Medien und Kommunikation GmbH","Martin-Schmeißer-Weg 9",Dortmund,"44227 ","0231 9703-0 ","0231 9703-200 ","info@knipp.de "
309,"Gesundheitsservice Management GSM GmbH","Dönhoffstr.39 ",Leverkusen,"51373 ","0214 35769 - 0","0214 35769 - 171 ",
312,"COHAUSZ & FLORACK Patent- und Rechtsanwälte","Bleichstraße 14",Düsseldorf,40211," (0)211-90 490-0","(0)211-90 490-49",mail@cohausz-florack.de
314,"Comcord GmbH","Lindemannstr. 13",Düsseldorf,"40237 ","0211.440374 - 0","0211.440374 - 15",office@comcord.de
318,"WILO SE","Nortkirchenstrasse 100",Dortmund,"44263 ","0231 4102-0","0231 4102-7575 ",wilo@wilo.com
320,"Novo Nordisk Pharma GmbH","Brucknerstraße 1",Mainz,"55127 ",06131/903-0,06131/903-250,KD_Service@novonordisk.com
321,"Hartmann GmbH","Ostmilter Straße 35",Warendorf,"48231 ","02584-9311 0","02584-9311 20",info@fleischwaren-hartmann.de
322,"Chiesi GmbH","Gasstraße 6",Hamburg,"22761 ","040 897 24-0","040 897 24-212",info@Chiesi.com
323,"RLT Ruhrmann Wüller & Partner","Am Wehrhahn 36",Düsseldorf,"40211 ","0211 17 93 97 0","0211 17 93 97 99",duesseldorf@rlt.de
325,"TRIGON Business Intelligence GmbH & Co. KG","Kaiserswerther Straße 115",Ratingen,"40880 ","02102 - 42 06 30","02102 - 42 06 2",info@trigon-bi.de
326,"Douglas Holding AG","Kabeler Straße 4",Hagen,"58099 ","02331 / 690-0","02331 / 690-271","info@douglas-holding.com "
327,"windream GmbH","Wasserstraße 219",Bochum,44799,"0234 9734-0","0234 9734-520","info@windream.com "
328,"LIS Logistische Informationssysteme AG ","Hansaring 27",Greven,"48268 ","02571-929 01","02571-929 260",info@lis.eu
329,"Deutsche Rheuma-Liga Bundesverband e.V. ","Maximilianstraße 14",Bonn,"53111 ","0228 - 76 60 60","0228 - 76 60 620",bv@rheuma-liga.de
330,"Taylor Wessing Deutschland ","Benrather Str. 15",Düsseldorf,"40213 ","0211 83 87 0","0211 83 87 100",duesseldorf@taylorwessing.com
333,"Busch-Jaeger Elektro GmbH","Freisenbergstraße 2",Lüdenscheid,"58513 ","02351 956-1600","02351 956-1700",info.bje@de.abb.com
334,"Bebra Biogas GmbH","Fischertwiete 2",Hamburg,"20095 ","0231 9982 100 ","0231 9982 799 ","info@envio-group.com "
336,"PROSOZ Herten","Ewaldstraße 261",Herten,"45699 ","02366 1 88 - 0","02366 1 88 - 111",info@prosoz.de
337,"TechnologieZentrumDortmund GmbH","Emil-Figge-Str. 76 - 80",Dortmund,"44227 ","0231 / 9742 - 100","0231 / 9742 - 395",technobox@tzdo.de
338,"United Labels AG","Gildenstr. 6",Münster,"48157 ","0251 3221-0","0251 3221-999",info@unitedlabels.com
339,"Deutsche Gesellschaft für Personalführung e.V.","Niederkasseler Lohweg 16",Düsseldorf,"40547 ","0211 59 78-0","0211 59 78-14 9  ",info@dgfp.de
340,"AXA ART Versicherung Aktiengesellschaft","Colonia-Allee 10-20",Köln,"51067 ","0221 148 22187 ","0221 148 32559 ","info@axa-art.de "
341,"Telekom Deutschland GmbH","Landgrabenweg 151",Bonn,53227,,,
342,"agri.capital GmbH","Hafenweg 15",Münster,"48155 ",0251-27601-100,0251-27601-900,info@agri-capital.de
346,"Franz Haniel & Cie. GmbH","Franz-Haniel-Platz 1",Duisburg,"47119 ","0203 806-0",,info@haniel.de
348,"Techem Messtechnik KG","Hauptstraße 89 ",Eschborn,"65760 ","06196 522 - 0 ","06196 522 - 3000 ",service@techem.de
349,"Finanz Informatik GmbH & Co. KG","Theodor-Heuss-Allee 90","Frankfurt / Main","60486 ","069 74329-0",,
350,"Campbell's Germany GmbH & Carl Kühne KG (GmbH & Co.)","Geniner Str. 88-100",Lübeck,"23560 ","0451 5306-0","0451 5306-108",
351,"VGB PowerTech e.V.","Klinkestraße 27 - 31",Essen,"45136 ","0201-81 28-0","0201-81 28-350",info@vgb.org
352,"Rhenus Office Systems GmbH","Rhenus-Platz 1",Holzwickede,"59439 ",,,
353,Knappschaft-Bahn-See,"Knappschaftstr. 1",Bochum,"44799 ",023430452121,,
354,"Ringhotel Zweibrücker Hof","Zweibrücker Hof 4",Herdecke,"58313 ","02330 / 605 0","02330 / 605 555",
355,"Mosaik GmbH (Verwaltung)","Hagener Str. 56 ","Sundern - Hagen","59846 ","023 93 - 22 02 14 - 0","0 23 93 - 22 02 14 - 44",mail@mosaik-gmbh.de
356,HUK-COBURG,"Willi-Hussong-Str. 2 ",Coburg,96444,"09561 96-0","09561 96-2695",
357,"OSB AG","Schwanthalerstrasse 69  ","München ","80336 ","089 - 23 88 57 - 500","089 - 23 88 57 - 400",info@osb-ag.de
358,"DIE EHRENFELDER  Gemeinnützige Wohnungsgenossenschaft eG","Gravensteiner Straße 7",Köln,50825,"0221 95 56 00-0","0221 95 56 00-89","info@die-ehrenfelder.de  "
359,"Top Image Systems (TIS) ","Im Mediapark 8 ",Köln,50670,"0221 93313-100","0221 93313-500",contact@topimagesystems.de
360,"Schwer Steuerberatungsgesellschaft mbH","Auf der Heide 8 a",Bochum,44803,"+49 (234) 97701-0","+49 (234) 97701-77 ","kanzlei@stb-schwer.de "
361,"Ernst & Engbring GmbH","Industriestrasse 9 ",Oer-Erkenschwick,"45739 ","02368 69010","02368 690132",
363,"Stepin GmbH","Beethovenallee 21",Bonn,53173,"0228 956 95-0","0228 956 95-99",info@stepin.de
364,"GLS Gemeinschaftsbank eG ","Christstraße 9 ",Bochum,"44789 ",0234-5797-100,0234-5797-133,kundendialog@gls.de
365,"Deutsche Telekom AG","Friedrich-Ebert-Allee 140",Bonn,53113,"0228/ 181-0",,impressum@telekom.de
366,"QIAGEN GmbH","QIAGEN Str. 1",Hilden,40724,"02103 290",,
367,"arvato systems GmbH ","An der Autobahn 200",Gütersloh,33333,"05241 80-80 888","05241 80-80 666",info@arvato.de
369,"Cassini Consulting GmbH","Bennigsen-Platz 1",Düsseldorf,40474,"+49 211 - 65 85 41 33","+49 211 - 65 85 41 34",info@cassini.de
368,"PB Firmenkunden AG","Friedrich-Ebert-Allee 114-126",Bonn,53113,"+49(0)228 5500 3300","+49(0)228 5500 3399",firmenkunden@postbank.de
371,"Medatixx GmbH & Co. KG","Stockholmer Allee 32b ",Dortmund,44269,"0231 9 63 24-0 "," 0231 9 63 24-444",info.west@medatixx.de
372,"Stadtwerke Ahaus GmbH","Hoher Weg 2  ","Ahaus ","48683 ","02561 93080",,
373,"MR Chemie GmbH","Nordstraße 61-63",Unna,"59427 ","023 03 / 9 51 51 - 0 ","023 03 / 9 51 51 - 10 ",post@mr-chemie.de
374,"trivago GmbH","Bennigsen-Platz 1 ",Düsseldorf,"40474 ","0211 54065-0 ","0211 54065115",info@trivago.de
375,"SCA Packaging Deutschland Stiftung & Co. KG","Karlstr. 51",Minden,"32423 ","0571 9337-0",,contact.sales@dssmith.eu
376,"Fischbach Luft- und Ventilatorentechnik GmbH","Am Hellerberg 22-24 (Am Bahnhof) ",Neunkirchen,"57290 ","02735 / 777 0","02735 / 770 625",info@fischbach-luft.de
377,"Fraunhofer-Institut für Umwelt-, Sicherheits- und Energietechnik UMSICHT","Osterfelder Straße 3             ","Oberhausen        ",46047,"0208 8598-0 ",,
378,"CERTUSS Dampfautomaten GmbH & Co. KG","Hafenstr. 65  ",Krefeld,"47809 ","02151 578-0 ","02151 578-102 ",krefeld@certuss.com
379,"DASGIP Information and Process Technology GmbH","Rudolf-Schulten-Straße 5 ",Jülich,"52428 ","02461 980-0 ","02461 980-100",info@dasgip.de
380,"objective partner AG","Bergstraße 45/1 ",Weinheim,"69469 ","06201 39860","06201 398612",info@objective-partner.de
381,"RADEMACHER Geräte-Elektronik GmbH","Buschkamp 7  ","Rhede ","46414 ","02872 933 0","02872 933 250",info@rademacher.de
382,"Ströer Infoscreen GmbH","Staffelseestraße 8",München,"81477 ","89 74 89 89 - 0 ","089 74 89 89 - 74 ",info@infoscreen.de
383,"Novero GmbH","Meesmannstraße 103  ","Bochum ",44807,"0211 4371950",,"contact_duesseldorf@novero.com "
384,Bruderhilfe-Pax-Familienfürsorge,"Buddestraße 24  ",Gelsenkirchen,"45896 ","0209 789465","01802 875329131",info@vrk.de
385,"Bundesinnungsverband für Orthopädie-Technik","Reinoldistr. 7-9","Dortmund  ","44135 ","0231 557050-0","0231 557050-40 ",info@biv-ot.org
386," Herberg, Dr. Schlüter & Partner GbR","Selkamp 14 ","Dortmund   ","44287 ","(0231) 44 22 45-0","(0231) 44 22 45-22","hsp-gbr@herberg-schlueter.de	"
387,"ThyssenKrupp Fördertechnik GmbH","ThyssenKrupp Allee 1   ext. 04",Essen,"45143 "," 0201 828 04",,resource-technologie@thyssenkrupp.com
389,"ThyssenKrupp Uhde GmbH","Friedrich-Uhde-Strasse 15",Dortmund,44141," +49 231 547 0","+49 231 547 3032 ",info.uhde@thyssenkrupp.com
391,Autismo,"Herner Str. 77",Bochum,44791," 0234 / 53 25 06 ",,"Autismo Mailadresse"
393,"Shelter GmbH","Hasselsweilerstrasse 2a",Titz,52445,"02463 65 189-0","02463 65 189-44",h.schmidt@shelter-com.de
395,"Schneider Electric GmbH","Gothaer Straße 29",Ratingen,40880,"02102 404-0","02102 404-9256",de-schneider-service@schneider-electric.com
398,"HAVI Logistics GmbH","Porschestr. 4",Ilsfeld,74360,"+49 (0) 7062 90430","+49 (0) 7062 904399",
400,"VORSORGE Lebensversicherung AG","Rather Str. 110a",Düsseldorf,"40465  "," +49 - (211) - 21 022 - 9500","+49 - (211) - 21 022 - 9599"," info@vorsorge-leben.de "
401," BASIC Facility Management GmbH"," Haumannstraße 14",Dortmund,44379,"0231 841717-00","0231 841717-17",info@basic-fm.com
402,"VISEORAD Pinneberg","Fahltskamp 74 ",Pinneberg,"25421  ","04101/ 5442-0 ","04101/ 5442-39",
403,"Sustain Consult GmbH","Kaiserstr. 24 ",Dortmund,44135,0231/9812850,,info@sustain-consult.de
404,"Stadtsparkasse Wuppertal","Rolingswerth 2 ",Wuppertal,42275,"0202 488-5610","0202 488-7610 ",info@sparkasse-wuppertal.de
406,"Kemmax GmbH","Alfredstraße 61 ",Essen,45130,02018781830,02018781177," info@chemie.de"
407,"WAZ Westdeutsche Allgemeine","Friedrichstr. 34-38 ",Essen," 45128","0800 / 60 60 710","0800 / 60 60 750",zentralredaktion@waz
408,"Vanderlande Industries Logistics Software GmbH ","Joseph-von-Fraunhofer-Straße 25 ",Dortmund,"44227 ","0231 97940","0231 9794-1111",
409,"Compass Group (Schweiz) AG","Fraumünsterstrasse 16",Zürich,"CH-8001 ","0041 44 219 5646",,info@compass-group.ch
410,"E.ON Ruhrgas AG       ","Brüsseler Platz 1 ","Essen    ",45131,"0201 184 0","0201 184 24 7538 ",info@eon.com
411,"Deutsche Bank Privat- und Geschäftskunden AG","Osterfelder Straße 17",Bottrop,"46236 ","2041 6996-0","02041 6996-171",
412,"Gemeinde Weeze","Cyriakusplatz 13 - 14 ",Weeze,"47652 ","2837 910 - 0","02837 910 - 242"," info@weeze.de"
413,"Sonepar Deutschland GmbH","Peter-Müller-Straße 18   ",Düsseldorf,40468,"02 11 9 94 10-0 ","02 11 9 94 10-43 ",info@sonepar.de
414,"CLAAS Global Sales GmbH","Münsterstr. 33",Harsewinkel,"  33428 ","05247 12 0","05247 12994",infoclaas@claas.com
415,"trio-group communication & marketing GmbH","Carl-Reuther-Straße 1 ",Mannheim,"68305 ","0621 33840-0 ","0621 33840-110",info@trio-group.de
416,"Surplex GmbH","Wahlerstraße 4",Düsseldorf,"40472 ","0211 422737-0","0211 422737-17"," info@surplex.com"
417,"Kienbaum Management Consultants GmbH","Speditionstraße 21",Düsseldorf,"40221 ","0211 9659-0","0211 9659-267","contact@kienbaum.de "
418,"Franken GmbH","Max-Eyth-Str. 7-9 ",Warstein-Belecke,"59581 ","02902 76841",,info@franken-werkzeuge.de
419,"Store Media GmbH","Curt-Frenzel-Straße 10  ",Augsburg,"86167 ","0821 5087780",,
420,"con energy Unternehmensberatung GmbH & Co. KG","Norbertstraße 5","Essen ","45131 ","201 1022-0","0201 1022-444",info@@conenergy.com
421,"Rheinlandpfalz Bank","Königswall 21   ",Dortmund,"44137 ","0231 1397090",,kontakt@RLP-Bank.de
422,"ARAG Allgemeine Rechtsschutz-Versicherungs-AG","ARAG-Platz 1  ",Düsseldorf," 40472 ","0211 98700700","0211 963-2850 "," servicearag.de"
423,"Deutsche Annington Immobilien GmbH","Philippstraße 3  ","Bochum ","44803 ","0234 3140",,service@daig.info
424,"Robert Bosch GmbH","Pf 300220",Stuttgart,70442,"0711 400 40990","0711 400 40999",info@bosch.de
425,"J. W. Zander GmbH & Co. KG ","Martener Hellweg 39","Dortmund-Dorstfeld ","44379 ","0231 6186 -0 ","0231 6186 -202",
426,"Evonik Goldschmidt GmbH","Goldschmidtstraße 100","Essen ","45127 ","0201 173-01",0201/173-3000,info@evonik.com
427,"inpunkto AG","Stresemannstraße 64-66 ",Mönchengladbach,"41236 ","02166 9700700 ","02166 9700790",info@inpunkto24.de
428,"CM-AG CONTENT MANAGEMENT AG","Im Mediapark 6",Köln,50670,"0221 – 6601 2000 ","0221 – 6601 1011","contact@cm4all.com "
429,"Hörmann KG Verkaufsgesellschaft","Schloßstr. 30",Herne,"44653 ","02325 92 89 - 0 ","02325 92 89 – 49",info@hoermann.de
430,"AKG Software Consulting GmbH","Uhlandstr. 12",Heitersheim,79423,"07634 5612-416","07634 5612-300",info@akgsoftware.de
431,"E.ON Inhouse Consulting GmbH","Brüsseler Platz 1",Essen,45131,"0201-1 84-00",,energize-your-career-econ@eon.com
432,"PE Automotive GmbH & Co. KG","Aufsicht 13",Ennepetal,58256,"023 33-832 0  ","023 33-832 300"," info@pe.de"
434,"Bredner Event Solutions","Düsseldorfer Straße 190",Düsseldorf,"40545  ","+49 (0)211 / 46 95 95 - 80","+49 (0)211 / 46 95 95 - 85",info@bredner-event.de
436,"Generalkonsulat des Königreichs der Niederlande, Düsseldorf","Kennedydamm 24",Düsseldorf,40476," 	  0211 179301-0",,
437,"Architektenkammer Rheinland Pfalz","Hindenburgplatz 6",Mainz,55118,"+49 (0) 6131 / 99 60-0","+49 (0) 6131 / 61 49 26",
438,"Central Krankenversicherung AG","Hansaring 40-50",Köln,50670,"0221 1636-0 ",,info@central.de
439,"Sparkasse Bochum Anstalt des öffentlichen Rechts","Dr.-Ruer-Platz 5",Bochum,44787,0234/611-0,0234/611-2222,info@sparkasse-bochum.de
440,"Swiss Post International Germany GmbH","Redcarstrasse 3",Troisdorf,"53842 ","+49 2241 94720","+49 2241 947230",info.de@swisspost.com
441,"Brautmedia GmbH","Hörsterplatz 2b ",Münster,"48147 ",0251-53902-0,0251-53902-30,"redaktion@brautmedia.de "
442,"Sparkasse Dortmund Anstalt des öffentlichen Rechts","Freistuhl 2 ",Dortmund,44137,"0231 183-0","0231 163 295",info@sparkasse-dortmund.de
443,"VERITAS Unternehmensberatungs- und Treuhand GmbH Steuerberatungsgesellschaf","Emschertalstraße 1",Oberhausen,46149,"+49 (0)208 - 62 139 0","+49 (0)911 - 147 55 800",info@veritas-stbg.de
444,"42 INCENTIVE GmbH","Schwarzburgstraße 71","Frankfurt a.M.",60318,"+49 69 13 82 439-42","+49 69 13 82 439-49",info@42incentive.de
445,"BASF Polyurethanes GmbH","Elastogranstraße 60",Lemförde,"49448 ","05443 12 0","05443 12 2201",pu-eu@basf.com
446,"Scheuten Solar Belgium BVBA","Industrieterrein 1/2",Diest,B-3290,,,
453,"Eppendorf AG","Rudolf-Schulten-Straße 5"," Jülich",52428,"(0)2461 980-0","(0)2461 980-100"," info@dasgip.de"
454,"Kaiser’s Tengelmann GmbH","Wissollstr. 5 - 43","Mülheim an der Ruhr",45478,"0208/3777-0 ",,kundenservice@ktmh.de
456,"E.ON Global Commodities SE","Holzstraße 6",Düsseldorf,40221,"49 211 73275 0",,
457,"Volksbank Rheine-Nahe-Hunsrück eG","Salinenstraße 40-46 ","Bad Kreuznach",55543,"(0) 671 378-0","(0) 671 378-800 ",
458,"RWE AG","Opernplatz 1",Essen,45128,0201/12-00,,
459,"Thomas Cook AG","Thomas-Cook-Platz 1 ","Oberursel ","61440 ",,,
460,"Chemtrade Aglobis GmbH","Friedrichstrasse 47 / Europa-Center",Essen,"45128 ","0201 80987100",,germany@chemtradelogistics.com
461,"3D-High-Tec Poschmann GmbH","Gewerbering 40",Schalksmühle,58579,02355-50500,02355-505035,3DHT@formpool.com
462,"EUROVIA Services GmbH","Rheinbabenstr. 75",Bottrop,46240,"02041 792-301",,services@eurovia.de
308,"DW Document World GmbH & Co. KG","Carl-Schurz-Straße 2",Neuss,"41460 ","02131 73992-0","02131 73992-111","info@documentworld.de "
463,"edataprocessing GmbH","Am Bugapark 60",Gelsenkirchen,"45899 ","0209 / 1772 - 0",,"info@edataprocessing.de "
464,"gfz services GmbH","Am Förderturm 3",Castrop-Rauxel,44575,02305-35840-0,02305-35840-29,info@gfz.de
466,"AMB Aktive Management Beratung GmbH","Gabelsbergerstr. 2",Bottrop,46238,"02041 / 765 76-0","02041 / 765 76-10",info@amb-online.de
467,"WILKENWERK GMBH","Max-Brauer-Allee 22",Hamburg,22765,"+49 (0)40 89 08 48 - 0","+49 (0)40 89 08 48 - 24",begegnung@wilkenwerk.de
468,"gfz services GmbH","Am Förderturm 3",Castrop-Rauxel,"44575 ",02305-35840-0,02305-35840-29," info@gfz.de"
471,"LKAB Minerals GmbH","Friedrichstrasse 47",Essen,45128,"+49 201 45060","+49 201 4506 490","germany@lkabminerals.com "
472,"Contilia GmbH ","Klara-Kopp-Weg 3",Essen,45138,"0201 897 1300 0","0201 897 2809",info@contilia.de
473,"TECTUM Sales GmbH","Leithestr. 45",Gelsenkirchen,45886,"0209 70700","0209 / 7070-110",postmaster@tectumgroup.net
474,"Beckhoff Automation GmbH","Eiserstraße 5",Verl,33415,"052 46 / 9 63 - 0","052 46 / 9 63 - 198","info@beckhoff.de "
475,"Sonic Sales Support GmbH","Niederkasseler Lohweg 191",Düsseldorf,"40547 ","0211 2804650","0211 28 046 588",info@shoch.com
476,"CREOS Lernideen und Beratung GmbH","Herforder Straße 22 ",Bielefeld,"33602 ","0521 30410 0","0521 30410 71"," info@creos.de"
477,"Bauer, Soest & Partner","Weiherplatz 3  ","Wiehl ","51674 ","02262 761021","02262 761076","kanzlei@bspw.de "
478,"GEA Mechanical Equipment GmbH","Werner-Habig-Str. 1","Oelde ",59302,"02522 77-0","2522 77-2488",ws.publicrelations@gea.com
479,"Sytel Reply GmbH","Hansaallee 201",Düsseldorf,"40549 ","0211 339905 0","0211 339905-99","info@reply.de "
480,"TOOMAXX Handelsgesellschaft mbH","Humboldtstr. 140 - 144",Köln,51149,"0221 149 0","0221 149 97 6428 ",info@toomaxx.com
455,"Ubisoft GmbH","Adlerstr. 74",Düsseldorf,40211,"(0211) 33800 0"," (0211) 33800 152 ",
481,"S & P CONSULT GMBH","Konrad-Zuse-Str. 6          ",Bochum,"44801 ","0234 5167 - 0","0234 5167 - 109",office@stein.de
482,"Suzuki Garphyttan GmbH","Neumannstraße 2    ","Düsseldorf ","40235 ","0211 9 23 04-0","0211 9 23 04-17",info@sg-wire.com
214,"HSG Zander BS GmbH","Königsallee 45 - 47 ",Düsseldorf,40189,"0211 8830","0211 883 9343 ",
483,"Franz Joseph Schuette GmbH","Ringstrasse 7 ","Wallenhorst        ","49134 ","05407 8707 0","05407 8707 77",info@fjschuette.de
484,"Knauf USG Systems GmbH & Co. KG","Kipperstrasse 19 ",Dortmund,"44147 ","0231 8808 55 0","0 231 8808 55 31",info@knauf-usg-systems.com
449,"Inverto AG","Lichtstraße 43 i",Köln,50825,"0221 485 687 0",,kontakt@inverto.com
485,"VivaKi Services GmbH","Schirmerstrasse 76 ","Düsseldorf ","40211 ","0211 17540-0","0211 17540-9881",info@vivaki.de
450,"VDI Verein Deutscher Ingenieure e.V. ","VDI-Platz 1 ",Düsseldorf,40468,"0211 62 14 - 0",,
486,"Actebis Peacock GmbH","Lange Wende 43 ",Soest,"59494 ","02921/ 99- 0","02921/ 99- 92599",info@actebispeacock.com
487,"itec systems AG","Voelklinger Str. 4 ","Düsseldorf ","40219 ",0211.311.159.0,0211.311.159.10,info@itec.ag
488,ITB-GmbH,"Carl-Friedrich-Gauß-Str. 30 ","Kamp-Lintfort ","47475 ","02842 / 92 737 - 0 "," 02842 / 92 737 - 99","info@itb-web.de "
489,"Deutsche Edelstahlwerke GmbH","Auestrasse 4",Witten,58452,"02302 29-0","02302 29-4000",inf@dew-stahl.com
491,"Favero & Milan GmbH","Schanzenstr. 39 D7","Köln    "," 51063 ","0221 964 965 -0","0221 964 965 -29 ",fm-koeln@favero-milan.com
494,"FIRMENGRUPPE DIERKES","Martener Str. 523 ","Dortmund ","44379  ","0231 961308 0"," 0231 961308 22",dus@firmengruppe-dierkes.de
496,"LOGIBALL GmbH","Westring 303 ",Herne,44629,"02323 925 0","02323 925 551",info@logiball.de
499,"OS Outstanding Solutions  GmbH & Co. KG","Freie-Vogel-Straße 393",Dortmund,44269,"0231 95 90 90 0","0231 95 90 90 55 ",info@outstanding-solutions.de
501,"ELSPRO Elektrotechnik GmbH"," Kleinhülsen 47",Hilden,"40721 ","021 03 / 97 10 - 10 	  ","021 03 / 97 10 - 80"," info@elspro.de	"
500,"KemCom GmbH","Hochstaufenring 57a ",Köln,"50674 ","0221 / 677 852 -0 ","0221 / 677 852 - 99",info@kemcom.de
502,"Redwood Software ","Franz-Rennefeld-Weg 4 ","Düsseldorf    ","40472 ",0211/5306353,,info@redwood.com
503,"Blue Byte GmbH","Adlerstr. 74",Düsseldorf,40211,"(0211) 33800 0","(0211) 33800 152",
504,"Knipp Medien und Kommunikation GmbH","Martin-Schmeißer-Weg 9",Dortmund,44227,"0231 9703-0 "," 0231 9703-200",info@knipp.de
517,"ELTROPLAN-REVCON  Elektrotechnische Anlagen GmbH","Edisonstraße 3",Bönen,"59199 ","02383 920 22 22","02383 920 22 66",info@revcon.de
370,"Johnson & Johnson GmbH","Johnson & Johnson Platz 2 (Raiffeisenstraße 9)",Neuss,41470,"02137 / 9 36 - 0 ","02137 / 9 36 - 2333 ",jjkunden@cscde.jnj.com
519,"Büroring eG","Siemensstraße 7",Haan,"42781 ","02129 5571-0","02129 5571-119",info@bueroring.de
523,"Unitymedia NRW GmbH ","Rensingstr. 15 ",Bochum,44807,,"01806 / 663 200",kundenservice@unitymedia.de
524,"DB Regio AG","Willi-Becker-Allee 11",Düsseldorf,"40227 ",,,
525,"ELOMECH Elektroanlagen GmbH","Mainstraße 21 ","Mülheim an der Ruhr ","45478 ","0208 58 87 0","0208 58 87 299",
527,"AHV TÜV Pensionskasse","Kurfürstenstr. 56",Essen,"45138 ","0201 - 89809 0","0201 - 89809 42","versicherung@ahv-tuev.de "
550,"Johnson Controls Interiors Management GmbH","Jagenbergstraße 1",Neuss,"41468 ","02131 609–1000 ","02131 609–1100 ",
566,"STEAG GmbH","Rüttenscheider Straße 1-3 ",Essen,"45128 ","0201 801-00","0201 801-6388",info@steag.com
